model,accuracy
RandomForest,1.0
1D-CNN,0.9624060150375939
CNN-GRU,0.7744360902255639
GRU,0.5676691729323309
LSTM,0.556390977443609
